{"accuracy": [0.4286649227142334, 0.7284159660339355, 0.8039689660072327, 0.8373426198959351, 0.8514545559883118, 0.8583256006240845, 0.8607582449913025, 0.862835168838501, 0.8659790754318237, 0.8665054440498352], "loss": [1.925127387046814, 0.8539949655532837, 0.6130082011222839, 0.5101965665817261, 0.4635641574859619, 0.44557008147239685, 0.43851542472839355, 0.4276595413684845, 0.42259159684181213, 0.4256207346916199], "val_accuracy": [0.6343615055084229, 0.7794218063354492, 0.8310379981994629, 0.8534600734710693, 0.8762804269790649, 0.8581265807151794, 0.8793535232543945, 0.8788413405418396, 0.8676303029060364, 0.8895970582962036], "val_loss": [1.1685487031936646, 0.6811992526054382, 0.5112465023994446, 0.4571000933647156, 0.38800960779190063, 0.4523155987262726, 0.37775805592536926, 0.380206823348999, 0.44119390845298767, 0.3421514332294464]}